MWPT.A1ModJulian,MWPT.EarthMJ2000Eq.X,MWPT.EarthMJ2000Eq.Y,MWPT.EarthMJ2000Eq.Z,MWPT.EarthMJ2000Eq.VX,MWPT.EarthMJ2000Eq.VY,MWPT.EarthMJ2000Eq.VZ
21545,6930,0,0,0,6.907782722,3.221151984
21545.00069,6915.045615,414.1688974,193.1296177,-0.498295187,6.892880286,3.21417945
21545.00173,6837.381324,1027.856715,479.2907533,-1.236506052,6.815484531,3.177983576
21545.00281,6686.017392,1659.147829,773.6459376,-1.995537471,6.664686303,3.107466185
21545.0039,6463.2033,2276.257766,1061.365322,-2.736941159,6.442814089,3.00371844
21545.00499,6171.65573,2869.847157,1338.08594,-3.449306712,6.152697308,2.868066487
21545.00608,5814.480407,3433.386893,1600.755911,-4.124645431,5.797581572,2.702031982
21545.00717,5395.398816,3960.926441,1846.593958,-4.755713389,5.381346099,2.507433673
21545.00827,4918.758951,4446.917888,2073.007516,-5.335805466,4.908504551,2.286387694
21545.00936,4389.512094,4886.232248,2277.600483,-5.858778142,4.384171145,2.04129157
21545.01045,3813.164172,5274.214496,2458.198993,-6.319116018,3.814001157,1.774796255
21545.01155,3195.71065,5606.738362,2612.877073,-6.711995145,3.204115383,1.489770638
21545.01265,2543.606366,5880.23391,2739.96959,-7.033311402,2.561059889,1.189282546
21545.01375,1863.677744,6091.743168,2838.098235,-7.27973963,1.891710048,0.87655369
21545.01485,1163.064067,6238.948395,2906.184744,-7.448758177,1.203205016,0.554928837
21545.01595,449.1417062,6320.201333,2943.464536,-7.53867293,0.502867422,0.227838081
21545.01705,-270.5471535,6334.544114,2949.496442,-7.54863037,-0.201870264,-0.101237767
21545.01816,-988.3726345,6281.725265,2924.170128,-7.478624233,-0.903543747,-0.428803825
21545.01926,-1696.717528,6162.204312,2867.708138,-7.329488408,-1.594754262,-0.751396796
21545.02037,-2388.033779,5977.151349,2780.665621,-7.102884883,-2.268220781,-1.065609534
21545.02148,-3054.926854,5728.441846,2663.927783,-6.801286769,-2.916857543,-1.368127408
21545.02259,-3690.258765,5418.631786,2518.698122,-6.427939206,-3.533867881,-1.655772245
21545.0237,-4287.192933,5050.946771,2346.493223,-5.986839128,-4.112780067,-1.925519204
21545.02482,-4839.296619,4629.240176,2149.123028,-5.482679689,-4.647538063,-2.17453923
21545.02593,-5340.599655,4157.961862,1928.676069,-4.920809691,-5.132549111,-2.400221355
21545.02705,-5785.68351,3642.090215,1687.487537,-4.307151488,-5.562760371,-2.600208494
21545.02816,-6169.711244,3087.107627,1428.127674,-3.648172891,-5.933678424,-2.772406611
21545.02928,-6488.497853,2498.932636,1153.369889,-2.950809452,-6.241428283,-2.915012264
21545.0304,-6738.563449,1883.844896,866.155535,-2.222380342,-6.482796486,-3.026532673
21545.03152,-6917.163784,1248.435555,569.5705657,-1.470536103,-6.655253373,-3.105796107
21545.03263,-7022.330958,599.5116348,266.8007088,-0.70315338,-6.756986502,-3.151967378
21545.03375,-7052.889118,-55.95204238,-38.89114906,0.071712894,-6.786911457,-3.16455284
21545.03487,-7008.475714,-710.8960595,-344.203976,0.84591807,-6.744689718,-3.143408621
21545.03599,-6889.544424,-1358.280341,-645.8472472,1.611340416,-6.630730711,-3.088741381
21545.03711,-6697.360043,-1991.13462,-940.5646501,2.359930544,-6.446187921,-3.001106412
21545.03823,-6433.985153,-2602.646428,-1225.17527,3.083805594,-6.192948939,-2.881402796
21545.03935,-6102.262,-3186.228079,-1496.604966,3.775319384,-5.873622608,-2.730867227
21545.04047,-5705.779472,-3735.598641,-1751.924706,4.427151472,-5.49151337,-2.551061813
21545.04158,-5248.825305,-4244.861228,-1988.386671,5.032392268,-5.050582693,-2.343855814
21545.0427,-4736.343415,-4708.556972,-2203.449492,5.584602313,-4.555416424,-2.111410189
21545.04382,-4173.887268,-5121.720533,-2394.804182,6.077875315,-4.011189074,-1.856160676
21545.04493,-3567.539322,-5479.950559,-2560.406943,6.506921229,-3.423595646,-1.580785653
21545.04604,-2923.846979,-5779.449267,-2698.497597,6.867114866,-2.79879932,-1.288181458
21545.04716,-2249.764519,-6017.056675,-2807.615519,7.154540227,-2.143384603,-0.981440257
21545.04827,-1552.557668,-6190.293642,-2886.619562,7.366047634,-1.464273428,-0.663810554
21545.04938,-839.7241316,-6297.383875,-2934.698195,7.499287728,-0.768655522,-0.338664417
21545.05048,-118.9072752,-6337.269392,-2951.376535,7.552739395,-0.063910577,-0.009460869
21545.05159,602.1664252,-6309.618323,-2936.519864,7.525729743,0.642448108,0.320280681
21545.05269,1315.803504,-6214.827245,-2890.334413,7.418448993,1.342884452,0.647032426
21545.0538,2014.40827,-6054.011448,-2813.362638,7.231951096,2.029902491,0.967287748
21545.0549,2690.567874,-5828.989821,-2706.475904,6.968148126,2.696131486,1.277601148
21545.056,3337.145634,-5542.254672,-2570.860098,6.629786192,3.334421651,1.57463308
21545.0571,3947.332519,-5196.947516,-2408.00412,6.22042709,3.937900931,1.855176612
21545.05819,4514.726709,-4796.820195,-2219.681432,5.744411029,4.500061494,2.11619789
21545.05929,5033.410945,-4346.179942,-2007.924103,5.206797956,5.014845901,2.35487638
21545.06038,5497.987861,-3849.855804,-1775.006929,4.613331723,5.476692932,2.568626325
21545.06147,5903.644189,-3313.138261,-1523.418943,3.970369559,5.880612767,2.755131783
21545.06257,6246.19396,-2741.72467,-1255.837692,3.284815496,6.222241553,2.912372032
21545.06366,6522.124316,-2141.644001,-975.0938438,2.564026033,6.497898179,3.038647905
21545.06475,6728.612043,-1519.219856,-684.1537202,1.815759054,6.704610867,3.132594136
21545.06584,6863.559421,-880.9880593,-386.080583,1.048065903,6.840161523,3.193199794
21545.06693,6925.609119,-233.628952,-84.00283221,0.26919916,6.903107259,3.219818091
21545.06802,6914.152528,416.0841749,218.9102456,-0.51246142,6.892793092,3.212172093
21545.06911,6829.338304,1061.354019,519.4808371,-1.28850459,6.80936243,3.170359309
21545.07019,6672.067424,1695.445951,814.5631898,-2.050604699,6.653751651,3.094848736
21545.07128,6443.983342,2311.737233,1101.066707,-2.790593126,6.427677316,2.986474607
21545.07237,6147.458685,2903.781418,1375.986112,-3.50054689,6.133617729,2.846427405
21545.07347,5785.571731,3465.378067,1636.434037,-4.172881998,5.7747824,2.676239181
21545.07456,5362.077523,3990.633912,1879.669612,-4.80043448,5.355074562,2.477765648
21545.07565,4881.367294,4474.02719,2103.128458,-5.37654282,4.879040954,2.253162294
21545.07674,4348.438752,4910.451232,2304.443047,-5.895103061,4.351831658,2.00486527
21545.07784,3768.834297,5295.282408,2481.474281,-6.350650285,3.779127943,1.735557216
21545.07893,3148.599579,5624.418596,2632.329378,-6.738402281,3.167090549,1.448142756
21545.08003,2494.209267,5894.332824,2755.386697,-7.054318631,2.522276299,1.14570913
21545.08113,1812.526136,6102.101654,2849.308886,-7.295127624,1.851588793,0.831502857
21545.08223,1110.699009,6245.451411,2913.064083,-7.458371948,1.162170434,0.508878913
21545.08333,396.1233331,6322.774279,2945.933307,-7.542417494,0.461358029,0.181279754
21545.08443,-323.6581985,6333.155359,2947.522677,-7.546473556,-0.24341843,-0.147812254
21545.08554,-1041.017959,6276.384314,2917.768584,-7.470594493,-0.944698313,-0.474904257
21545.08665,-1748.333927,6152.963073,2856.940874,-7.315676358,-1.635078261,-0.796534149
21545.08775,-2438.070504,5964.103589,2765.641408,-7.083442288,-2.307288303,-1.109306253
21545.08886,-3102.849301,5711.722411,2644.801168,-6.776425209,-2.954256152,-1.409921444
21545.08997,-3735.545146,5398.42024,2495.670215,-6.397933799,-3.569194282,-1.695217838
21545.09109,-4329.366016,5027.452591,2319.80355,-5.952009862,-4.145669802,-1.96220337
21545.0922,-4877.908391,4602.708496,2119.050823,-5.44339746,-4.677649396,-2.20807679
21545.09331,-5375.241707,4128.666862,1895.535467,-4.877487375,-5.15957187,-2.430261401
21545.09443,-5815.978945,3610.345568,1651.630492,-4.260255329,-5.586406894,-2.62643231
21545.09592,-6306.773688,2861.096276,1299.764327,-3.370108828,-6.06160253,-2.843742075
21545.09592,-6306.773688,2861.096276,1299.764327,-3.370108828,-6.06160253,-2.843742075
21545.09661,-6495.901162,2491.77837,1126.582661,-2.932033113,-6.244762495,-2.926990715
21545.09767,-6733.008201,1908.799192,853.5176881,-2.241230396,-6.474556718,-3.030672224
21545.09878,-6912.597302,1277.87144,558.3859526,-1.494374414,-6.648969978,-3.108161217
21545.0999,-7020.037976,629.8607412,255.663617,-0.727887085,-6.753920052,-3.153069847
21545.10102,-7052.995826,-25.40206679,-50.04452283,0.04678986,-6.787191266,-3.164423116
21545.10214,-7010.989353,-680.527274,-355.2815751,0.82111979,-6.748321327,-3.142050883
21545.10326,-6894.438404,-1328.430636,-656.7379661,1.586929815,-6.637678663,-3.086170324
21545.10438,-6704.580316,-1962.131765,-951.1571753,2.336161843,-6.456382014,-2.997349674
21545.1055,-6443.454055,-2574.802062,-1235.358183,3.06091936,-6.206287872,-2.876502085
21545.10661,-6113.874694,-3159.846944,-1506.273846,3.753555467,-5.88997041,-2.724875719
21545.10773,-5719.403742,-3710.972511,-1760.981993,4.406743627,-5.510698976,-2.544042791
21545.10885,-5264.311009,-4222.254825,-1996.737677,5.013552933,-5.072408811,-2.335885394
21545.10997,-4753.522744,-4688.210736,-2211.006059,5.567526975,-4.579659659,-2.102575632
21545.11108,-4192.561014,-5103.859783,-2401.49107,6.062754222,-4.037586654,-1.846552171
21545.1122,-3587.507218,-5464.760718,-2566.152357,6.493910329,-3.45187497,-1.570508033
21545.11331,-2944.890657,-5767.089967,-2703.241336,6.856352803,-2.828662014,-1.27734423
21545.11442,-2271.666904,-6007.652485,-2811.306222,7.146137297,-2.174526086,-0.970164214
21545.11553,-1575.080811,-6183.942786,-2889.219752,7.360096246,-1.496362387,-0.652215339
21545.11664,-862.6282995,-6294.150415,-2936.181568,7.495852951,-0.801353579,-0.326874849
21545.11775,-141.9520029,-6337.184318,-2951.728986,7.551860159,-0.096874536,0.00239502
21545.11886,579.2223363,-6312.680042,-2935.739992,7.527419307,0.609565071,0.332074175
21545.11996,1293.206596,-6221.000569,-2888.432882,7.422693496,1.310436208,0.65863884
21545.12106,1992.403259,-6063.22662,-2810.361392,7.238707878,1.998241925,0.978585792
21545.12216,2669.396863,-5841.141552,-2702.407038,6.977343815,2.665608752,1.288475202
21545.12326,3317.028304,-5557.209755,-2565.768522,6.641324625,3.305363613,1.584966659
21545.12436,3928.47951,-5214.542334,-2401.945104,6.234185098,3.910623196,1.864860901
21545.12546,4497.342987,-4816.856673,-2212.717204,5.760232048,4.474870473,2.12513547
21545.12655,5017.666885,-4368.447204,-2000.132372,5.224516202,4.992008602,2.362969878
21545.12765,5484.044416,-3874.114501,-1766.471513,4.632751997,5.456460149,2.575791565
21545.12874,5891.640037,-3339.132255,-1514.233172,3.991279862,5.863204425,2.761293231
21545.12983,6236.248905,-2769.178693,-1246.10102,3.306983222,6.20784817,2.917465416
21545.13092,6514.332003,-2170.279134,-964.9166642,2.587215932,6.486671816,3.042617719
21545.13202,6723.049098,-1548.739154,-673.648098,1.839715722,6.696672774,3.13539852
21545.1331,6860.279878,-911.0885445,-375.3632554,1.072528197,6.835595541,3.194808583
21545.13419,6924.645069,-264.0049112,-73.1940607,0.293904309,6.901959983,3.220213606
21545.13472,6929.407269,51.06473756,73.74419944,-0.085175397,6.907781996,3.220198247
21545.13542,6909.051507,489.2381371,277.8988169,-0.588075826,7.290541514,3.395006948
21545.13645,6824.076532,1134.714885,578.2378926,-1.319552514,7.204057845,3.349291408
21545.13752,6666.169978,1798.755015,886.6907599,-2.066908152,7.041586002,3.267936688
21545.13861,6437.653794,2449.875823,1188.586528,-2.791592443,6.80669248,3.152892263
21545.13971,6140.697303,3079.696815,1480.025432,-3.481776388,6.503380701,3.006120318
21545.14081,5777.550163,3682.544105,1758.370951,-4.129248403,6.136149021,2.829789439
21545.14192,5350.847224,4253.095681,2021.154245,-4.726834401,5.710185691,2.626384062
21545.14305,4863.67751,4786.167527,2265.975072,-5.268221705,5.231310136,2.398677943
21545.14419,4319.621186,5276.704744,2490.498049,-5.747986026,4.705871886,2.149686338
21545.14535,3722.77686,5719.81237,2692.467331,-6.161632402,4.140635659,1.88261163
21545.14653,3077.772353,6110.806225,2869.730493,-6.505625945,3.542652512,1.600782547
21545.14773,2389.768432,6445.266097,3020.263428,-6.777394858,2.919132722,1.307594435
21545.14895,1664.473,6719.085245,3142.193592,-6.975304626,2.277341049,1.006460258
21545.15019,908.1114576,6928.54022,3233.832368,-7.098625987,1.624469805,0.700751348
21545.15146,127.455766,7070.341177,3293.698768,-7.147471758,0.967583813,0.393772013
21545.15275,-670.2526951,7141.713865,3320.55706,-7.122740517,0.313496095,0.088701825
21545.15407,-1477.283368,7140.459113,3313.444653,-7.026040947,-0.331249563,-0.211411997
21545.15542,-2285.508266,7065.029562,3271.707113,-6.859617494,-0.960464404,-0.503694074
21545.15679,-3086.425591,6914.600116,3195.030795,-6.626279876,-1.568320085,-0.785442808
21545.15819,-3871.233067,6689.145559,3083.478396,-6.329339972,-2.149371714,-1.054140598
21545.15962,-4630.955388,6389.49919,2937.515204,-5.972535866,-2.698597942,-1.307471877
21545.16107,-5356.532125,6017.412857,2758.036309,-5.559977415,-3.211390102,-1.543317538
21545.16256,-6038.93271,5575.612841,2546.391646,-5.096103496,-3.683544765,-1.759751035
21545.16406,-6669.314753,5067.827789,2304.397636,-4.585631636,-4.111271802,-1.955041657
21545.16559,-7239.194245,4498.785889,2034.334371,-4.033505078,-4.491197888,-2.127655648
21545.16714,-7740.594873,3874.208934,1738.941509,-3.444866769,-4.820348449,-2.276247495
21545.16871,-8166.20509,3200.793223,1421.407957,-2.825048754,-5.096132964,-2.399652924
21545.1703,-8509.566359,2486.122103,1085.329409,-2.179528019,-5.316352598,-2.496892035
21545.1719,-8765.224994,1738.576304,734.6651483,-1.513911732,-5.479190837,-2.567164757
21545.17351,-8928.871752,967.2261468,373.6864928,-0.833932988,-5.583208587,-2.609848498
21545.17514,-8997.469622,181.6830295,6.90634426,-0.145434385,-5.627348461,-2.624499975
21545.17567,-8998.901609,-80.46216311,-115.3075345,0.083938852,-5.62863743,-2.623116726
21545.17637,-8984.617165,-443.9621337,-284.632746,0.385672255,-6.05303215,-2.818334448
21545.17784,-8896.164337,-1209.177029,-640.5762812,1.007026504,-5.995583702,-2.786132925
21545.17943,-8711.321266,-2028.208658,-1020.763161,1.67155908,-5.87339968,-2.723331703
21545.18105,-8432.928835,-2833.682921,-1393.804233,2.324348647,-5.688278653,-2.631247023
21545.18266,-8064.748776,-3610.266623,-1752.578159,2.952785798,-5.44281679,-2.511201868
21545.18427,-7610.782174,-4349.08278,-2092.975783,3.549542168,-5.139816484,-2.364570283
21545.18589,-7075.778324,-5042.288503,-2411.3771,4.108174156,-4.782606606,-2.192964911
21545.18751,-6465.285558,-5682.600264,-2704.430505,4.622742796,-4.375066774,-1.998251542
21545.18912,-5785.647605,-6263.261936,-2969.037981,5.087791088,-3.921615272,-1.782543605
21545.19075,-5043.928521,-6778.129683,-3202.394108,5.498413402,-3.427148974,-1.548173434
21545.19237,-4247.849964,-7221.728321,-3402.011872,5.850299416,-2.896991607,-1.297667639
21545.19399,-3405.729218,-7589.304777,-3565.747114,6.139773489,-2.336843011,-1.033722986
21545.19562,-2526.350671,-7876.899961,-3691.830942,6.363846172,-1.752685093,-0.759161952
21545.19725,-1618.95921,-8081.361897,-3778.875858,6.520217555,-1.150770153,-0.476927135
21545.19888,-693.0955083,-8200.412316,-3825.905343,6.607320859,-0.537505698,-0.190027016
21545.20051,241.4650287,-8232.663739,-3832.361294,6.624325905,0.080590005,0.098484918
21545.20215,1174.851141,-8177.64111,-3798.112852,6.571144881,0.696981956,0.385554207
21545.20379,2097.154503,-8035.789265,-3723.45934,6.448427276,1.305157426,0.668143667
21545.20543,2998.554536,-7808.476856,-3609.130927,6.257551576,1.898706636,0.943271056
21545.20707,3869.416423,-7497.989907,-3456.28469,6.000609536,2.471383795,1.208037498
21545.20872,4700.418146,-7107.504646,-3266.490722,5.680374637,3.017185453,1.459663837
21545.21036,5482.627873,-6641.06528,-3041.720993,5.300276382,3.530394695,1.695511094
21545.21201,6207.59933,-6103.553458,-2784.334159,4.86436943,4.005635981,1.91310584
21545.21366,6867.498754,-5500.61858,-2497.041796,4.377273064,4.437949779,2.110174517
21545.21532,7455.170801,-4838.630733,-2182.885752,3.844131369,4.822826647,2.284659019
21545.21697,7964.219068,-4124.61835,-1845.20822,3.270563147,5.156250797,2.434736602
21545.21863,8389.085847,-3366.188968,-1487.613937,2.662600412,5.434743418,2.55883955
21545.22029,8725.113523,-2571.455221,-1113.93498,2.026633172,5.6553946,2.655669589
21545.22194,8968.607398,-1748.931618,-728.1819269,1.36933267,5.815897195,2.724212978
21545.2236,9116.874529,-907.4430509,-334.5007048,0.697585674,5.91456627,2.763748978
21545.22526,9168.253182,-56.04218379,62.86633511,0.018437053,5.95035392,2.773856227
21545.22692,9122.136791,796.1103436,459.6366266,-0.660996418,5.922862256,2.754417978
21545.22858,8978.986357,1639.80518,851.515272,-1.333563486,5.832350491,2.705625048
21545.23024,8740.320005,2465.961658,1234.277769,-1.992209929,5.679729328,2.62797191
21545.2319,8408.704779,3265.659804,1603.784992,-2.629994491,5.466558166,2.522255229
21545.23356,7987.726662,4030.271986,1956.044391,-3.240184966,5.195030144,2.389565922
21545.23522,7481.941944,4751.568078,2287.258676,-3.816334293,4.867946495,2.231276419
21545.23687,6896.837324,5421.785259,2593.858078,-4.352329834,4.488697774,2.049031388
21545.23853,6238.756182,6033.731859,2872.548146,-4.842471547,4.061224197,1.844728414
21545.24018,5514.837859,6580.853468,3120.340074,-5.281521915,3.589985061,1.62050319
21545.24184,4732.925102,7057.315881,3334.588543,-5.664771421,3.079907803,1.378705037
21545.24349,3901.477639,7458.063462,3513.018154,-5.988086506,2.53634096,1.121874422
21545.24513,3029.489542,7778.86795,3653.745431,-6.247951935,1.965009222,0.852721481
21545.24678,2126.372394,8016.381718,3755.302542,-6.441518862,1.371945335,0.574093694
21545.24842,1201.851185,8168.168818,3816.650769,-6.566636916,0.763429082,0.288947002
21545.25007,265.843121,8232.727145,3837.189656,-6.621880805,0.145913497,0.000311024
21545.2517,-671.6190417,8209.496177,3816.759859,-6.606566412,-0.474021362,-0.288732775
21545.25334,-1600.533224,8098.86116,3755.64362,-6.520765136,-1.089762516,-0.575095231
21545.25497,-2510.995591,7902.146399,3654.560939,-6.365309582,-1.694708367,-0.855700315
21545.25661,-3393.366377,7621.585649,3514.654054,-6.141781072,-2.282380372,-1.127537208
21545.25824,-4238.319552,7260.29924,3337.476224,-5.852501553,-2.846459854,-1.387677502
21545.25986,-5036.959886,6822.252269,3124.970985,-5.500509418,-3.380871555,-1.633314033
21545.26149,-5780.905404,6312.212043,2879.451393,-5.089533086,-3.879845983,-1.861789797
21545.26311,-6462.390019,5735.680959,2603.567587,-4.623942857,-4.337996795,-2.070633648
21545.26473,-7074.326506,5098.839713,2300.279574,-4.108708799,-4.750372734,-2.257584184
21545.26635,-7610.36966,4408.487372,1972.828527,-3.54935375,-5.112510269,-2.420613895
21545.26797,-8064.996601,3671.942539,1624.689762,-2.951872295,-5.420498032,-2.557958451
21545.26958,-8433.529973,2897.003231,1259.553669,-2.322694869,-5.671002384,-2.668128322
21545.2712,-8712.203871,2091.832105,881.2713865,-1.668589052,-5.861321124,-2.749932846
21545.27281,-8898.183287,1264.90339,493.8297273,-0.996608891,-5.989404517,-2.802489547
21545.27442,-8989.600418,424.8801657,101.2934463,-0.313985988,-6.053886306,-2.82523748
21545.27604,-8985.559716,-419.4518758,-292.2258296,0.371934749,-6.054091607,-2.817940246
21545.27765,-8886.145253,-1259.268743,-682.6091242,1.053774755,-5.99004435,-2.780688621
21545.27926,-8692.42585,-2085.775941,-1065.761914,1.724188297,-5.862470979,-2.713901568
21545.28088,-8406.431566,-2890.357679,-1437.683562,2.375994684,-5.672783002,-2.618316648
21545.28249,-8031.141656,-3664.602695,-1794.479372,3.002209486,-5.423064781,-2.494983956
21545.2841,-7570.454288,-4400.40784,-2132.408669,3.596137571,-5.116047464,-2.345252911
21545.28572,-7029.153582,-5090.053608,-2447.919783,4.151441665,-4.755079475,-2.17075769
21545.28734,-6412.856304,-5726.293497,-2737.691242,4.66221999,-4.344082174,-1.973395623
21545.28896,-5727.959339,-6302.422204,-2998.663092,5.123064451,-3.887505219,-1.755305663
21545.29058,-4981.586114,-6812.338691,-3228.065817,5.529112341,-3.390280867,-1.518846408
21545.2922,-4181.509589,-7250.618306,-3423.453193,5.876102774,-2.85776274,-1.266566823
21545.29382,-3336.071874,-7612.570683,-3582.728471,6.160419255,-2.295662907,-1.001176316
21545.29545,-2454.126716,-7894.281005,-3704.163041,6.379116933,-1.710005147,-0.725522529
21545.29708,-1544.917269,-8092.669354,-3786.422788,6.529962014,-1.107036492,-0.442549523
21545.29871,-618.0166161,-8205.516443,-3828.579466,6.611443163,-0.493182129,-0.155276506
21545.30034,316.7938751,-8231.499677,-3830.126166,6.622789564,0.12503914,0.13324192
21545.30198,1249.617781,-8170.210218,-3790.984235,6.563973338,0.74107854,0.419945587
21545.30362,2170.566056,-8022.159857,-3711.505085,6.435703304,1.348438228,0.701806534
21545.30526,3069.822442,-7788.785139,-3592.47137,6.239417427,1.940712559,0.97584828
21545.3069,3937.782588,-7472.434931,-3435.089565,5.977261913,2.511676098,1.239186739
21545.30855,4765.138263,-7076.355601,-3240.982058,5.652070054,3.055333719,1.489053443
21545.31019,5543.005727,-6604.649341,-3012.166193,5.267320555,3.565998278,1.722831382
21545.31184,6262.993397,-6062.24832,-2751.041374,4.827110834,4.038327233,1.93807186
21545.3135,6917.313148,-5454.858306,-2460.361418,4.336107339,4.467387111,2.132524067
21545.31515,7498.865011,-4788.902036,-2143.207092,3.799497966,4.848700028,2.304156289
21545.3168,8001.318278,-4071.453116,-1802.954253,3.222938992,5.178287741,2.451175899
21545.31846,8419.189097,-3310.153914,-1443.234568,2.612491314,5.452713695,2.572048277
21545.32012,8747.898433,-2513.140167,-1067.899573,1.974564142,5.669112824,2.665510085
21545.32178,8983.828834,-1688.946371,-680.9757881,1.315845103,5.825221559,2.730582484
21545.32344,9124.36341,-846.4276464,-286.6277102,0.643245127,5.91939741,2.766579643
21545.32509,9167.924091,5.338525169,110.8885732,-0.036171506,5.950639607,2.773117555
21545.32675,9113.992265,857.1954892,507.2925017,-0.715291964,5.918600085,2.750117935
21545.32841,8963.11111,1699.954736,898.3012636,-1.386982667,5.823584032,2.697808143
21545.33007,8716.883572,2524.528676,1279.691795,-2.044185164,5.66654974,2.61671997
21545.33173,8377.961158,3322.011814,1647.338618,-2.679971169,5.449104125,2.507686881
21545.33339,7950.003781,4083.812666,1997.274978,-3.287638768,5.17348134,2.371832867
21545.33505,7437.648143,4801.721825,2325.724322,-3.860758872,4.842528275,2.210565097
21545.33671,6846.450397,5468.01676,2629.148579,-4.393252407,4.459674769,2.025559062
21545.33836,6182.823183,6075.545645,2904.286593,-4.879452553,4.028901129,1.818742633
21545.34002,5453.963886,6617.805065,3148.189581,-5.314164063,3.554700576,1.592277778
21545.34167,4667.775675,7089.010353,3358.253069,-5.692718808,3.042037296,1.348540263
21545.34332,3832.757967,7484.168692,3532.249717,-6.01103575,2.496284417,1.090089934
21545.34497,2957.93825,7799.114749,3668.345186,-6.265652983,1.923188426,0.819653654
21545.34661,2052.758836,8030.563772,3765.121564,-6.453775809,1.32880335,0.540093935
21545.34825,1126.955533,8176.146702,3821.592308,-6.573312248,0.719418265,0.25437461
21545.3499,190.4714612,8234.425513,3837.208374,-6.622894114,0.101506325,-0.0344633
21545.35153,-746.6703545,8204.907636,3811.863399,-6.601898601,-0.518355117,-0.323339208
21545.35317,-1674.450706,8088.047215,3745.893267,-6.51045995,-1.133537582,-0.60915796
21545.35481,-2583.015374,7885.229585,3640.066874,-6.349468158,-1.737467972,-0.888859615
21545.35644,-3462.723159,7598.755606,3495.57821,-6.120567077,-2.32366231,-1.159435264
21545.35807,-4304.288959,7231.803386,3314.026707,-5.82613397,-2.885824642,-1.41797302
21545.35969,-5098.844853,6788.400655,3097.403545,-5.469266339,-3.417893397,-1.661679594
21545.36132,-5838.054464,6273.370476,2848.064862,-5.05374591,-3.914125016,-1.887918959
21545.36294,-6514.208388,5692.262071,2568.698228,-4.583988584,-4.369166573,-2.094245702
21545.36456,-7120.270409,5051.307452,2262.301763,-4.065013035,-4.778096411,-2.278423682
21545.36618,-7649.960365,4357.344785,1932.147266,-3.502380114,-5.136490009,-2.438456081
21545.3678,-8097.817804,3617.736091,1581.740941,-2.902125131,-5.440473222,-2.572609462
21545.36941,-8459.237604,2840.312648,1214.797373,-2.270710179,-5.686756243,-2.67942908
21545.37103,-8730.531299,2033.259666,835.1848627,-1.61492488,-5.872684292,-2.757761315
21545.37264,-8908.943483,1205.061945,446.8997596,-0.941834602,-5.996256626,-2.806761934
21545.37425,-8992.683223,364.3976951,54.0164245,-0.258684912,-6.056154254,-2.825907819
21545.37587,-8980.934479,-479.9333002,-339.346525,0.427167295,-6.051751457,-2.81500148
21545.37748,-8873.862843,-1319.109449,-729.0729465,1.108346078,-5.983122873,-2.774173177
21545.37909,-8672.613216,-2144.358943,-1111.082652,1.777526036,-5.851042139,-2.703879378
21545.38071,-8379.297503,-2947.059417,-1481.377843,2.427524325,-5.656971768,-2.604896824
21545.38232,-7996.971515,-3718.822943,-1836.082556,3.051379841,-5.403043632,-2.478312362
21545.38393,-7529.609677,-4451.569581,-2171.476756,3.642421804,-5.092036081,-2.325511336
21545.38555,-6982.063365,-5137.617241,-2484.037795,4.194349741,-4.727338588,-2.148159991
21545.38717,-6360.009418,-5769.761429,-2770.477028,4.701303129,-4.312908604,-1.948184369
21545.38879,-5669.906929,-6341.335093,-3027.767248,5.157912719,-3.853233151,-1.727751645
21545.39041,-4918.937074,-6846.281519,-3253.175976,5.559359966,-3.353278756,-1.489245911
21545.39203,-4114.913797,-7279.231421,-3444.300295,5.90143716,-2.818422114,-1.235234947
21545.39365,-3266.242896,-7635.539272,-3599.083331,6.180572767,-2.254413507,-0.968452732
21545.39528,-2381.794827,-7911.358291,-3715.847572,6.393885091,-1.667283812,-0.691755252
21545.39691,-1470.850129,-8103.666823,-3793.306502,6.539195568,-1.063301152,-0.408100004
21545.39854,-542.9894239,-8210.311492,-3830.583278,6.615053604,-0.448892327,-0.120508915
21545.40017,391.9942572,-8230.032799,-3827.221522,6.620746443,0.169419054,0.167960758
21545.40181,1324.206619,-8162.485255,-3783.193227,6.556303764,0.785088016,0.454251778
21545.40345,2243.734314,-8008.249356,-3698.903228,6.422495892,1.39160248,0.735332321
21545.40509,3140.786954,-7768.828194,-3575.185699,6.220819305,1.982574988,1.008238663
21545.40673,4005.790903,-7446.632461,-3413.29586,5.953474123,2.551800656,1.270102004
21545.40838,4829.467132,-7044.969684,-3214.903867,5.62334628,3.093302987,1.51816969
21545.41003,5602.953836,-6568.010759,-2982.077484,5.233972468,3.601407727,1.749839272
21545.41168,6317.919439,-6020.736915,-2717.255767,4.789491305,4.07080919,1.962688856
21545.41333,6966.619828,-5408.913567,-2423.236001,4.29461848,4.496599171,2.154490325
21545.41498,7542.02112,-4739.005834,-2103.13256,3.754576648,4.874338477,2.32324181
21545.41664,8037.853795,-4018.135009,-1760.355773,3.175060795,5.200083347,2.467179598
21545.41829,8448.704543,-3253.982682,-1398.565856,2.562163447,5.470436962,2.584801174
21545.41995,8770.071287,-2454.714073,-1021.636309,1.922317498,5.682577476,2.67487755
21545.42161,8998.414683,-1628.892797,-633.6133444,1.262233886,5.834284749,2.736464904
21545.42327,9131.200657,-785.3972093,-238.6761827,0.588842072,5.923962458,2.768914089
21545.42493,9166.937785,66.70342843,158.921317,-0.09080031,5.950658453,2.771878889
21545.42659,9105.189942,918.2365097,554.8917815,-0.769567918,5.914070548,2.745317876
21545.42825,8946.585568,1760.016836,944.9568857,-1.440330245,5.814551853,2.689496025
21545.42991,8692.81459,2582.959912,1324.900248,-2.09603203,5.65311,2.604983216
21545.43157,8346.604689,3378.196252,1690.620508,-2.729774755,5.431394738,2.492647276
21545.43322,7911.695779,4137.151236,2038.16831,-3.334871405,5.151685923,2.353647585
21545.43488,7392.800019,4851.645096,2363.792472,-3.904918368,4.816873741,2.189424803
21545.43654,6795.535388,5514.000941,2663.989503,-4.43387518,4.430423093,2.001683083
21545.43819,6126.393717,6117.093489,2935.525982,-4.916098705,3.996361219,1.792383769
21545.43985,5392.620241,6654.478159,3175.497112,-5.346443442,3.519208722,1.563711746
21545.4415,4602.171098,7120.420669,3381.339999,-5.720284495,3.003961318,1.318066538
21545.44315,3763.617569,7509.972675,3550.867633,-6.033579498,2.456037028,1.058036725
21545.4448,2886.007986,7819.041619,3682.299525,-6.282928202,1.881195072,0.786361196
21545.44644,1978.806145,8044.408874,3774.269347,-6.465592607,1.285503741,0.505913791
21545.44809,1051.784324,8183.768099,3825.841322,-6.579535118,0.67527747,0.219673329
21545.44973,114.8896301,8235.751707,3836.520662,-6.623448781,0.056994656,-0.069315251
21545.45137,-821.8406916,8199.936762,3806.255125,-6.596772076,-0.562754228,-0.357965388
21545.453,-1748.432891,8076.842205,3735.431499,-6.499697598,-1.177366149,-0.643195533
21545.45464,-2655.015871,7867.921596,3624.871649,-6.333177128,-1.780251466,-0.921941429
21545.45627,-3531.977607,7575.540604,3475.819738,-6.098914488,-2.364939687,-1.191205425
21545.4579,-4370.046805,7202.949024,3289.927956,-5.799353106,-2.925137885,-1.448083647
21545.45952,-5160.426754,6754.221065,3069.226693,-5.437636879,-3.454825944,-1.689809944
21545.46115,-5894.831495,6234.227448,2816.110944,-5.017594981,-3.948288245,-1.913770552
21545.46277,-6565.585018,5648.57883,2533.312413,-4.543701762,-4.400188759,-2.117538623
21545.46439,-7165.709054,5003.555272,2223.865265,-4.021023119,-4.80563966,-2.298905537
21545.46601,-7688.996372,4306.02439,1891.066807,-3.455151283,-5.160260899,-2.455907812
21545.46763,-8130.045828,3563.392669,1538.454165,-2.852164084,-5.460214025,-2.586842365
21545.46924,-8484.324063,2783.522144,1169.764426,-2.218553808,-5.702253665,-2.69028954
21545.47086,-8748.21901,1974.616873,788.8808106,-1.56112923,-5.883772862,-2.765132869
21545.47247,-8919.050724,1145.179594,399.8121766,-0.886972721,-6.002818153,-2.810565511
21545.47408,-8995.105155,303.9017755,6.641136164,-0.203341631,-6.058118772,-2.82610245
21545.4757,-8975.645496,-540.3987619,-386.5053262,0.482392869,-6.049098681,-2.811585215
21545.47731,-8860.917277,-1378.913978,-775.5195162,1.162867538,-5.975882663,-2.767182905
21545.47892,-8652.146972,-2202.865716,-1156.322525,1.830754756,-5.839295306,-2.693391303
21545.48054,-8351.523419,-3003.653689,-1524.933058,2.478893664,-5.640846885,-2.59102429
21545.48215,-7962.175352,-3772.91388,-1877.494449,3.100347632,-5.382714147,-2.461203983
21545.48376,-7488.154555,-4502.582636,-2210.304418,3.688465133,-5.067723064,-2.305351723
21545.48538,-6934.375755,-5185.017898,-2519.870777,4.236984915,-4.699301256,-2.125164232
21545.487,-6306.590262,-5813.04084,-2802.930562,4.740074793,-4.281451563,-1.922600615
21545.48862,-5611.317763,-6380.02922,-3056.492603,5.192409801,-3.818697024,-1.699855433
21545.49024,-4855.782685,-6879.982198,-3277.866864,5.589224808,-3.316028559,-1.459333404
21545.49186,-4047.858963,-7307.573607,-3464.688512,5.926355543,-2.778858379,-1.203626943
21545.49348,-3195.988433,-7658.216982,-3614.947042,6.200286591,-2.212956411,-0.935485675
21545.49511,-2309.081594,-7928.122167,-3727.011203,6.408190295,-1.624376015,-0.657781086
21545.49674,-1396.445799,-8114.329979,-3799.644085,6.547946424,-1.019399291,-0.373480598
21545.49837,-467.6829951,-8214.7512,-3832.019749,6.61816361,-0.404463789,-0.085612954
21545.50001,467.3993488,-8228.192761,-3823.734072,6.618189587,0.213900181,0.202761292
21545.50164,1398.907876,-8154.376731,-3774.811747,6.548114698,0.829150476,0.488587671
21545.50328,2316.937122,-7993.950409,-3685.709825,6.408768659,1.434781699,0.768840507
21545.50492,3211.714967,-7748.481581,-3557.313221,6.2017049,2.024419125,1.040566579
21545.50657,4073.683922,-7420.447135,-3390.928098,5.929181086,2.591868358,1.300908061
21545.50821,4893.597005,-7013.217569,-3188.273099,5.594137299,3.131172986,1.547129158
21545.50986,5662.639794,-6531.018435,-2951.459404,5.200156928,3.636688014,1.776649819
21545.51151,6372.508264,-5978.900286,-2682.975423,4.751436577,4.103123075,1.987065488
21545.51316,7015.529521,-5362.668693,-2385.652202,4.252725551,4.525613053,2.176179158
21545.51481,7584.71658,-4688.850015,-2062.646507,3.709296638,4.899744957,2.342013497
21545.51647,8073.874512,-3964.600911,-1717.396869,3.126873515,5.221618528,2.482838022
21545.51812,8477.664283,-3197.633146,-1353.587423,2.51157285,5.487879418,2.597183694
21545.51978,8791.65499,-2396.148048,-975.1164104,1.869856104,5.695745452,2.683854445
21545.52144,9012.384846,-1568.739193,-586.0497322,1.208457587,5.843039683,2.741941472
21545.5231,9137.403538,-724.2987709,-190.5765084,0.534317094,5.928212567,2.770832532
21545.52476,9165.303375,128.0892609,207.0413442,-0.145496775,5.950358375,2.770218382
21545.52642,9095.733925,979.2499889,602.5164644,-0.82385759,5.909222526,2.740095064
21545.52808,8929.408449,1820.004477,991.5767979,-1.49364057,5.805205272,2.680764671
21545.52974,8668.099008,2641.282962,1370.018405,-2.147802932,5.639359956,2.592833228
21545.5314,8314.615782,3434.229063,1733.753821,-2.779457401,5.413382747,2.477204703
21545.53306,7872.779277,4190.290645,2078.854085,-3.381935847,5.129599363,2.335073752
21545.53471,7347.373154,4901.325495,2401.597344,-3.948865811,4.790940775,2.167913121
21545.53637,6744.099663,5559.679115,2698.504498,-4.474226262,4.400921786,1.977462695
21545.53803,6069.488656,6158.298341,2966.390781,-4.95243366,3.963590522,1.765704495
21545.53968,5330.865828,6690.765436,3202.381231,-5.378366496,3.483516855,1.534856815
21545.54133,4536.236486,7151.404313,3403.958381,-5.747449483,2.965726428,1.287342011
21545.54298,3694.198205,7535.333169,3568.985438,-6.055697166,2.41565313,1.025763541
21545.54463,2813.84965,7838.511854,3695.726928,-6.29975542,1.839088604,0.75288166
21545.54627,1904.691492,8057.784168,3782.866829,-6.476940904,1.242125703,0.471586309
21545.54792,976.4973736,8190.914067,3829.52336,-6.585277524,0.631080976,0.184860276
21545.54956,39.23683314,8236.598267,3835.253603,-6.623515407,0.012449636,-0.104242217
21545.5512,-897.053114,8194.481718,3800.058607,-6.591153435,-0.607175069,-0.392633584
21545.55283,-1822.393498,8065.152424,3724.378885,-6.488445923,-1.221182858,-0.677230859
21545.55447,-2726.933683,7850.131935,3609.088803,-6.316405983,-1.82299304,-0.954977599
21545.5561,-3601.08533,7551.852182,3455.48352,-6.076797785,-2.406145552,-1.222886298
21545.55773,-4435.628004,7173.617301,3265.259396,-5.772115911,-2.964375513,-1.478072912
21545.55935,-5221.777768,6719.572364,3040.498217,-5.40556905,-3.49166503,-1.717780839
21545.56098,-5951.303856,6194.641944,2783.636545,-4.981037762,-3.982328885,-1.939420253
21545.5626,-6616.586517,5604.487486,2497.444802,-4.503045413,-4.431062247,-2.140589951
21545.56422,-7210.712438,4955.430223,2184.98966,-3.976699032,-4.833014627,-2.319110927
21545.56584,-7727.532746,4254.385765,1849.60248,-3.40763717,-5.183839272,-2.473048593
21545.56746,-8161.721684,3508.787637,1494.842591,-2.801966375,-5.479743083,-2.600735053
21545.56907,-8508.818884,2726.52273,1124.466377,-2.166204977,-5.717525005,-2.700786111
21545.57069,-8765.282481,1915.827457,742.3778726,-1.507192746,-5.894621053,-2.772120784
21545.5723,-8928.512395,1085.210463,352.5922253,-0.832020195,-6.009127838,-2.813971114
21545.57391,-8996.869691,243.3973158,-40.79053537,-0.147974219,-6.059821683,-2.825890192
21545.57553,-8969.699367,-600.8186098,-433.6555012,0.53759364,-6.046178675,-2.807759277
21545.57714,-8847.325983,-1438.606373,-821.8870378,1.217302913,-5.968373672,-2.75978674
21545.57875,-8631.054364,-2261.206954,-1201.41995,1.883844444,-5.827281019,-2.682506678
21545.58037,-8323.147893,-3060.037915,-1568.288007,2.530076186,-5.624457994,-2.576769542
21545.58198,-7926.814813,-3826.743079,-1918.646995,3.149073514,-5.362131356,-2.443734975
21545.5836,-7446.171058,-4553.298929,-2248.82378,3.734224086,-5.043166592,-2.284855798
21545.58521,-6886.207983,-5232.08124,-2555.346926,4.279288718,-4.671038768,-2.101863325
21545.58683,-6252.740589,-5855.951049,-2834.985976,4.778475742,-4.24978925,-1.89674583
21545.58845,-5552.340786,-6418.334434,-3084.787578,5.226507884,-3.783971689,-1.671722125
21545.59007,-4792.293078,-6913.271379,-3302.097589,5.618661973,-3.278612623,-1.429222424
21545.59169,-3980.527168,-7335.483757,-3484.591672,5.950821574,-2.73915688,-1.171861866
21545.59332,-3125.516684,-7680.446401,-3630.30672,6.219529449,-2.171391048,-0.902403818
21545.59494,-2236.208534,-7944.426387,-3737.657997,6.422012571,-1.581388341,-0.623733619
21545.59657,-1321.941793,-8124.52506,-3805.45735,6.556207537,-0.975447846,-0.33882969
21545.5982,-392.3381553,-8218.717934,-3832.929915,6.620782513,-0.360016554,-0.050726681
21545.59984,542.7799889,-8225.878591,-3819.723838,6.61514564,0.258368435,0.237511749
21545.60147,1473.526025,-8145.796307,-3765.916083,6.539447179,0.87317182,0.522835938
21545.60311,2390.00226,-7979.184148,-3672.015263,6.394574928,1.477894889,0.802226477
21545.60475,3282.447249,-7727.676128,-3538.95768,6.182140067,2.066170609,1.072738406
21545.6064,4141.326313,-7393.814033,-3368.099545,5.904456177,2.6318193,1.331526907
21545.60804,4957.417462,-6981.0349,-3161.209561,5.564519977,3.168899687,1.575870858
21545.60969,5721.948011,-6493.62536,-2920.44515,5.165966382,3.671791926,1.803210834
21545.61134,6426.674844,-5936.682925,-2648.332906,4.713031572,4.135242409,2.011169419
21545.61299,7063.95876,-5316.082728,-2347.751676,4.210522345,4.554403959,2.197569466
21545.61465,7626.893662,-4638.380268,-2021.884827,3.663735783,4.924911692,2.36046809
21545.6163,8109.348948,-3910.771191,-1674.200643,3.07842754,5.242901805,2.498164911
21545.61796,8506.044807,-3141.021023,-1308.418108,2.460757716,5.505052349,2.609220127
21545.61962,8812.626492,-2337.369381,-928.4608156,1.817218329,5.708624047,2.692472278
21545.62127,9025.719418,-1508.419856,-538.404538,1.154551293,5.851489677,2.747050483
21545.62293,9142.954996,-663.0816399,-142.4494292,0.479709358,5.932145397,2.772379033
21545.62459,9163.008741,189.5543434,255.1385149,-0.200234167,5.949731919,2.768185631
21545.62625,9085.614469,1040.301234,650.0678245,-0.878144356,5.904041583,2.734503627
21545.62791,8911.571198,1879.984731,1038.072369,-1.546901282,5.795522614,2.671672597
21545.62957,8642.733434,2699.552009,1414.962058,-2.199476883,5.625274395,2.580334727
21545.63123,8281.997863,3490.153524,1776.660853,-2.82899062,5.395042054,2.461431256
21545.63289,7833.260577,4243.272581,2119.266472,-3.428803923,5.107193841,2.31619017
21545.63455,7301.380845,4950.797411,2439.083442,-3.992570019,4.764703956,2.146117248
21545.6362,6692.125205,5605.117824,2732.667217,-4.514304784,4.37112397,1.9529814
21545.63786,6012.106119,6199.207427,2996.861468,-4.988447854,3.930551646,1.738798951
21545.63951,5268.686537,6726.717769,3228.840294,-5.409935208,3.447578189,1.505807655
21545.64116,4469.940261,7182.014598,3426.124473,-5.774227637,2.927271944,1.256458504
21545.64281,3624.493618,7560.283519,3586.627843,-6.077396806,2.375084758,0.993370405
21545.64446,2741.480557,7857.544182,3708.663151,-6.316140322,1.796831489,0.719320265
21545.64611,1830.432579,8070.70235,3790.964328,-6.487829035,1.19862628,0.437212312
21545.64775,901.1490572,8197.586938,3832.701377,-6.590544149,0.586804537,0.150040932
21545.64939,-36.39519613,8236.963446,3833.484934,-6.623096883,-0.032132347,-0.139135571
21545.65103,-972.1691752,8188.543917,3793.3687,-6.585046477,-0.651591756,-0.427230282
21545.65267,-1896.180452,8052.985671,3712.847072,-6.476709888,-1.264950563,-0.711156268
21545.6543,-2798.62065,7831.872892,3592.843824,-6.299157969,-1.865651706,-0.987871647
21545.65593,-3669.912822,7527.703302,3434.70497,-6.054215429,-2.447237872,-1.254395415
21545.65756,-4500.867186,7143.843764,3240.175106,-5.744435114,-3.003459405,-1.507857373
21545.65919,-5282.73783,6684.500007,3011.382173,-5.373082385,-3.528318297,-1.745518459
21545.66081,-6007.34543,6154.649521,2750.803795,-4.944088164,-4.016158061,-1.964811862
21545.66179,-6412.016579,5804.720182,2580.100835,-4.660475974,-4.289264558,-2.086745036
