target.A1ModJulian,target.EarthMJ2000Eq.X,target.EarthMJ2000Eq.Y,target.EarthMJ2000Eq.Z,target.EarthMJ2000Eq.VX,target.EarthMJ2000Eq.VY,target.EarthMJ2000Eq.VZ
21545,8910,0,0,0,6.092091731,2.840789028
21545.00069,8900.956548,365.4018567,170.3895507,-0.301395928,6.085909422,2.83790012
21545.00215,8823.789449,1125.771271,524.9525767,-0.928497147,6.033155884,2.813257179
21545.00372,8651.977209,1938.231175,903.7962919,-1.59828903,5.915729892,2.758406982
21545.00531,8387.393843,2737.789273,1276.607557,-2.256968982,5.734982958,2.673982007
21545.0069,8033.526053,3509.449123,1636.387133,-2.892002018,5.493402572,2.561145695
21545.00849,7594.217302,4244.394597,1979.018182,-3.495985631,5.193747744,2.42118878
21545.01008,7074.059574,4934.834151,2300.862234,-4.062404644,4.839309531,2.255650953
21545.01167,6478.450687,5573.511161,2598.530985,-4.585233038,4.433941633,2.066335098
21545.01326,5813.572132,6153.696111,2868.882755,-5.058931,3.982035768,1.855295714
21545.01486,5086.33339,6669.250815,3109.052543,-5.478498916,3.488473739,1.624816455
21545.01646,4304.310164,7114.691017,3316.481292,-5.83952761,2.958575407,1.377385736
21545.01806,3475.652538,7485.25538,3488.948124,-6.138251277,2.398026777,1.115663057
21545.01966,2609.029169,7776.943593,3624.588161,-6.371573102,1.812833459,0.842457166
21545.02127,1713.534882,7986.56931,3721.91724,-6.537100921,1.209250616,0.560693245
21545.02287,798.5778658,8111.802072,3779.851457,-6.633172108,0.593700891,0.273374485
21545.02448,-126.2014898,8151.189218,3797.717382,-6.658861138,-0.027284392,-0.016445475
21545.02609,-1051.009411,8104.178308,3775.262493,-6.613986902,-0.647120519,-0.30568846
21545.02771,-1966.043466,7971.129757,3712.660993,-6.499111337,-1.259266766,-0.59129732
21545.02932,-2861.554252,7753.320243,3610.515351,-6.315531334,-1.857265963,-0.870254488
21545.03094,-3727.978228,7452.933367,3469.85184,-6.065260433,-2.434829772,-1.139621871
21545.03256,-4556.026249,7073.045345,3292.11377,-5.751007886,-2.985892487,-1.396566039
21545.03418,-5336.812807,6617.583886,3079.142168,-5.37613707,-3.504690418,-1.638395327
21545.03581,-6061.91621,6091.307295,2833.165921,-4.944642532,-3.985794066,-1.862574921
21545.03744,-6723.491189,5499.752434,2556.777352,-4.461103267,-4.424174328,-2.066757793
21545.03907,-7314.365419,4849.170201,2252.901964,-3.930628067,-4.8152574,-2.248810346
21545.0407,-7828.116411,4146.459677,1924.767567,-3.358802019,-5.154966522,-2.406831911
21545.04233,-8259.133327,3399.112029,1575.877959,-2.75164301,-5.439753992,-2.539169705
21545.04396,-8602.695928,2615.11652,1209.96891,-2.115529394,-5.666645086,-2.644439311
21545.04559,-8855.029341,1802.869343,830.9654723,-1.457131859,-5.833266894,-2.721538102
21545.04723,-9013.343047,971.0974715,442.9463053,-0.783359026,-5.937867944,-2.769654386
21545.04886,-9075.87087,128.7324716,50.08465626,-0.101263751,-5.97933995,-2.788277481
21545.0505,-9041.887162,-715.1293437,-343.3703759,0.581979735,-5.957225474,-2.777201283
21545.05213,-8911.722821,-1551.405786,-733.177408,1.259210746,-5.871727286,-2.7365285
21545.05377,-8686.759225,-2371.074885,-1115.124401,1.923309456,-5.723704948,-2.666669025
21545.0554,-8369.414673,-3165.296209,-1485.085359,2.56728544,-5.514668286,-2.568336781
21545.05703,-7963.113972,-3925.513123,-1839.068117,3.184351531,-5.246761457,-2.442542179
21545.05867,-7472.267101,-4643.519992,-2173.245789,3.767970325,-4.922754568,-2.290588132
21545.0603,-6902.187003,-5311.608099,-2484.024836,4.31196607,-4.545996471,-2.114047841
21545.06193,-6259.070766,-5922.590587,-2768.056799,4.810540044,-4.120410436,-1.914762724
21545.06356,-5549.88071,-6469.93866,-3022.301773,5.258378427,-3.650424429,-1.69480967
21545.06519,-4782.318718,-6947.801996,-3244.037994,5.650667957,-3.140963408,-1.456497373
21545.06681,-3964.68224,-7351.116603,-3430.91203,5.983185252,-2.59736323,-1.202325949
21545.06844,-3105.821327,-7675.624726,-3580.948091,6.252316347,-2.02535112,-0.934977725
21545.07006,-2215.011336,-7917.938583,-3692.577635,6.455114284,-1.430969395,-0.657281463
21545.07168,-1301.814389,-8075.576183,-3764.655916,6.589335992,-0.820490301,-0.372172473
21545.07329,-376.0668389,-8146.964031,-3796.463274,6.653452935,-0.200413591,-0.082691365
21545.07491,552.3290761,-8131.470715,-3787.7205,6.646689371,0.422668493,0.208079126
21545.07652,1473.463269,-8029.396858,-3738.584065,6.569024945,1.042107809,0.497031321
21545.07813,2377.528401,-7841.969823,-3649.643474,6.421201852,1.651274085,0.781067157
21545.07974,3254.935524,-7571.323922,-3521.911819,6.204720121,2.243634314,1.057135332
21545.08134,4096.403744,-7220.475003,-3356.813746,5.92182758,2.812816789,1.322261287
21545.08294,4893.074767,-6793.27641,-3156.164671,5.575493674,3.352693957,1.573585939
21545.08454,5636.592214,-6294.374968,-2922.150049,5.169381613,3.857443286,1.808394135
21545.08614,6319.194221,-5729.14995,-2657.296671,4.707804764,4.321618607,2.024147976
21545.08774,6933.764807,-5103.673335,-2364.45395,4.195698201,4.740194533,2.218507582
21545.08933,7473.934417,-4424.619299,-2046.751427,3.638546363,5.108645002,2.389367707
21545.09093,7934.130499,-3699.194084,-1707.565862,3.042324716,5.422988088,2.534878613
21545.09252,8309.617906,-2935.077232,-1350.493631,2.413448311,5.67982351,2.653463549
21545.09411,8596.55816,-2140.314613,-979.3006053,1.75867835,5.876382289,2.743841798
21545.0957,8792.02853,-1323.26648,-597.8977536,1.085071901,6.010547714,2.805038413
21545.09729,8894.058153,-492.4997521,-210.2907056,0.399883948,6.08088639,2.836398541
21545.09887,8901.640118,343.2911104,179.4573125,-0.289508329,6.086660945,2.837593224
21545.10046,8814.738077,1175.372645,567.2669202,-0.975689816,6.027836891,2.808622435
21545.10205,8634.287216,1995.043908,949.0760783,-1.651277954,5.905083414,2.749815293
21545.10364,8362.179958,2793.75007,1320.893171,-2.309027618,5.719761566,2.661824316
21545.10523,8001.2551,3563.133415,1678.820905,-2.94188358,5.473912686,2.545619869
21545.10682,7555.258008,4295.151652,2019.11152,-3.54308711,5.170225246,2.402474416
21545.10841,7028.813577,4982.132027,2338.192095,-4.106227983,4.81200882,2.233950203
21545.11001,6427.383007,5616.853233,2632.702768,-4.625317366,4.403155842,2.041881176
21545.1116,5757.207667,6192.624486,2899.533592,-5.094856053,3.948093791,1.828350434
21545.1132,5025.264154,6703.343378,3135.851514,-5.509882964,3.451744632,1.595671101
21545.11479,4239.170642,7143.581539,3339.140187,-5.86604383,2.919451316,1.346351767
21545.1164,3407.129253,7508.627057,3507.219696,-6.159622239,2.356929299,1.083073688
21545.118,2537.844595,7794.538725,3638.271725,-6.387578187,1.770202846,0.808660854
21545.1196,1640.421868,7998.194793,3730.86208,-6.547580101,1.165528886,0.526044272
21545.12121,724.3153049,8117.320554,3783.953481,-6.6380184,0.549356407,0.238242864
21545.12282,-200.8205077,8150.529709,3796.924484,-6.658028501,-0.071777722,-0.05168532
21545.12443,-1125.188205,8097.337072,3769.575269,-6.607490357,-0.691289568,-0.34066226
21545.12604,-2038.983598,7958.171035,3702.133093,-6.487027008,-1.302639545,-0.625632732
21545.12766,-2932.476093,7734.374284,3595.252389,-6.2979942,-1.899384487,-0.903588687
21545.12928,-3796.126514,7428.193585,3450.009647,-6.042461472,-2.475252817,-1.171604377
21545.1309,-4620.681195,7042.763058,3267.895315,-5.723189218,-3.024202057,-1.42686323
21545.13252,-5397.26821,6582.081298,3050.802796,-5.343602125,-3.540476261,-1.666684667
21545.13415,-6117.521827,6050.958811,2801.003515,-4.907740024,-4.018680941,-1.888559009
21545.13577,-6773.652818,5454.980911,2521.129331,-4.420223643,-4.453821085,-2.090165197
21545.1374,-7358.547693,4800.442781,2214.141864,-3.886199613,-4.841357895,-2.269397179
21545.13889,-7824.468192,4158.304252,1913.282072,-3.363364827,-5.149860132,-2.41176174
21545.13889,-7824.468192,4158.304252,1913.282072,-3.363364827,-5.149860132,-2.41176174
21545.13889,-7824.468192,4158.304252,1913.282072,-3.363364827,-5.149860132,-2.41176174
21545.13889,-7824.468192,4158.304252,1913.282072,-3.363364827,-5.149860132,-2.41176174
21545.13889,-7824.468192,4158.304252,1913.282072,-3.363364827,-5.149860132,-2.41176174
21545.13889,-7824.468192,4158.304252,1913.282072,-3.363364827,-5.149860132,-2.41176174
21545.13889,-7824.468192,4158.304252,1913.282072,-3.363364827,-5.149860132,-2.41176174
21545.13889,-7824.468192,4158.304252,1913.282072,-3.363364827,-5.149860132,-2.41176174
21545.13889,-7824.468192,4158.304252,1913.282072,-3.363364827,-5.149860132,-2.41176174
21545.13889,-7824.468192,4158.304252,1913.282072,-3.363364827,-5.149860132,-2.41176174
21545.13889,-7824.468192,4158.304252,1913.282072,-3.363364827,-5.149860132,-2.41176174
21545.13889,-7824.468192,4158.304252,1913.282072,-3.363364827,-5.149860132,-2.41176174
21545.13889,-7824.468192,4158.304252,1913.282072,-3.363364827,-5.149860132,-2.41176174
21545.13889,-7824.468192,4158.304252,1913.282072,-3.363364827,-5.149860132,-2.41176174
21545.13889,-7824.468192,4158.304252,1913.282072,-3.363364827,-5.149860132,-2.41176174
21545.13889,-7824.468192,4158.304252,1913.282072,-3.363364827,-5.149860132,-2.41176174
21545.13889,-7824.468192,4158.304252,1913.282072,-3.363364827,-5.149860132,-2.41176174
21545.13889,-7824.468192,4158.304252,1913.282072,-3.363364827,-5.149860132,-2.41176174
21545.13889,-7824.468192,4158.304252,1913.282072,-3.363364827,-5.149860132,-2.41176174
21545.13889,-7824.468192,4158.304252,1913.282072,-3.363364827,-5.149860132,-2.41176174
21545.13889,-7824.468192,4158.304252,1913.282072,-3.363364827,-5.149860132,-2.41176174
21545.13889,-7824.468192,4158.304252,1913.282072,-3.363364827,-5.149860132,-2.41176174
21545.13889,-7824.468192,4158.304252,1913.282072,-3.363364827,-5.149860132,-2.41176174
21545.13889,-7824.468192,4158.304252,1913.282072,-3.363364827,-5.149860132,-2.41176174
21545.13889,-7824.468192,4158.304252,1913.282072,-3.363364827,-5.149860132,-2.41176174
21545.13889,-7824.468192,4158.304252,1913.282072,-3.363364827,-5.149860132,-2.41176174
21545.13889,-7824.468192,4158.304252,1913.282072,-3.363364827,-5.149860132,-2.41176174
21545.13889,-7824.468192,4158.304252,1913.282072,-3.363364827,-5.149860132,-2.41176174
21545.13889,-7824.468192,4158.304252,1913.282072,-3.363364827,-5.149860132,-2.41176174
21545.13889,-7824.468192,4158.304252,1913.282072,-3.363364827,-5.149860132,-2.41176174
21545.13889,-7824.468192,4158.304252,1913.282072,-3.363364827,-5.149860132,-2.41176174
21545.13889,-7824.468192,4158.304252,1913.282072,-3.363364827,-5.149860132,-2.41176174
21545.13889,-7824.468192,4158.304252,1913.282072,-3.363364827,-5.149860132,-2.41176174
21545.13889,-7824.468192,4158.304252,1913.282072,-3.363364827,-5.149860132,-2.41176174
21545.13889,-7824.468192,4158.304252,1913.282072,-3.363364827,-5.149860132,-2.41176174
21545.13889,-7824.468192,4158.304252,1913.282072,-3.363364827,-5.149860132,-2.41176174
21545.13889,-7824.468192,4158.304252,1913.282072,-3.363364827,-5.149860132,-2.41176174
21545.13889,-7824.468192,4158.304252,1913.282072,-3.363364827,-5.149860132,-2.41176174
21545.13889,-7824.468192,4158.304252,1913.282072,-3.363364827,-5.149860132,-2.41176174
21545.13889,-7824.468192,4158.304252,1913.282072,-3.363364827,-5.149860132,-2.41176174
21545.13889,-7824.468192,4158.304252,1913.282072,-3.363364827,-5.149860132,-2.41176174
21545.13889,-7824.468192,4158.304252,1913.282072,-3.363364827,-5.149860132,-2.41176174
21545.13889,-7824.468192,4158.304252,1913.282072,-3.363364827,-5.149860132,-2.41176174
21545.13889,-7824.468192,4158.304252,1913.282072,-3.363364827,-5.149860132,-2.41176174
21545.13889,-7824.468192,4158.304252,1913.282072,-3.363364827,-5.149860132,-2.41176174
21545.13889,-7824.468192,4158.304252,1913.282072,-3.363364827,-5.149860132,-2.41176174
21545.13889,-7824.468192,4158.304252,1913.282072,-3.363364827,-5.149860132,-2.41176174
21545.13889,-7824.468192,4158.304252,1913.282072,-3.363364827,-5.149860132,-2.41176174
21545.13889,-7824.468192,4158.304252,1913.282072,-3.363364827,-5.149860132,-2.41176174
21545.13889,-7824.468192,4158.304252,1913.282072,-3.363364827,-5.149860132,-2.41176174
21545.13889,-7824.468192,4158.304252,1913.282072,-3.363364827,-5.149860132,-2.41176174
21545.13889,-7824.468192,4158.304252,1913.282072,-3.363364827,-5.149860132,-2.41176174
21545.13889,-7824.468192,4158.304252,1913.282072,-3.363364827,-5.149860132,-2.41176174
21545.13889,-7824.468192,4158.304252,1913.282072,-3.363364827,-5.149860132,-2.41176174
21545.13889,-7824.468192,4158.304252,1913.282072,-3.363364827,-5.149860132,-2.41176174
21545.13889,-7824.468192,4158.304252,1913.282072,-3.363364827,-5.149860132,-2.41176174
21545.13889,-7824.468192,4158.304252,1913.282072,-3.363364827,-5.149860132,-2.41176174
21545.13889,-7824.468192,4158.304252,1913.282072,-3.363364827,-5.149860132,-2.41176174
21545.13889,-7824.468192,4158.304252,1913.282072,-3.363364827,-5.149860132,-2.41176174
21545.13889,-7824.468192,4158.304252,1913.282072,-3.363364827,-5.149860132,-2.41176174
21545.13889,-7824.468192,4158.304252,1913.282072,-3.363364827,-5.149860132,-2.41176174
21545.13889,-7824.468192,4158.304252,1913.282072,-3.363364827,-5.149860132,-2.41176174
21545.13889,-7824.468192,4158.304252,1913.282072,-3.363364827,-5.149860132,-2.41176174
21545.13889,-7824.468192,4158.304252,1913.282072,-3.363364827,-5.149860132,-2.41176174
21545.13889,-7824.468192,4158.304252,1913.282072,-3.363364827,-5.149860132,-2.41176174
21545.13889,-7824.468192,4158.304252,1913.282072,-3.363364827,-5.149860132,-2.41176174
21545.13889,-7824.468192,4158.304252,1913.282072,-3.363364827,-5.149860132,-2.41176174
21545.13889,-7824.468192,4158.304252,1913.282072,-3.363364827,-5.149860132,-2.41176174
21545.13889,-7824.468192,4158.304252,1913.282072,-3.363364827,-5.149860132,-2.41176174
21545.13889,-7824.468192,4158.304252,1913.282072,-3.363364827,-5.149860132,-2.41176174
21545.13958,-8018.66688,3845.405657,1766.776586,-3.108909878,-5.278405663,-2.470963196
21545.14107,-8381.477903,3152.695033,1442.634781,-2.546171074,-5.518533141,-2.581269606
21545.14268,-8692.667538,2367.349547,1075.448114,-1.908959555,-5.724543739,-2.675400812
21545.14432,-8915.242582,1549.14743,693.2120278,-1.245737212,-5.872062963,-2.742130286
21545.14595,-9043.44364,713.2899472,303.0395717,-0.568665616,-5.957359061,-2.779753818
21545.14758,-9075.543097,-130.4757703,-90.51193469,0.114544422,-5.979332464,-2.787782438
21545.14922,-9011.125141,-972.976514,-483.1569256,0.796657705,-5.93771343,-2.76611367
21545.15085,-8850.84992,-1805.112586,-870.6476491,1.470498497,-5.832905296,-2.714959694
21545.15249,-8596.42513,-2617.914653,-1248.800731,2.128986559,-5.665966895,-2.634839011
21545.15412,-8250.592741,-3402.607728,-1613.527107,2.765179437,-5.438606738,-2.52657357
21545.15576,-7817.093345,-4150.732755,-1960.88874,3.372362222,-5.153164164,-2.391279654
21545.15739,-7300.622302,-4854.236556,-2287.140549,3.94411291,-4.812586542,-2.230356981
21545.15902,-6706.788832,-5505.546311,-2588.765127,4.474356693,-4.420409687,-2.045479346
21545.16065,-6042.025477,-6097.685371,-2862.526556,4.957455697,-3.980706478,-1.838570275
21545.16228,-5313.554252,-6624.309024,-3105.487079,5.388235591,-3.498073556,-1.611796669
21545.16391,-4529.257358,-7079.815799,-3315.058646,5.762075964,-2.977555172,-1.367532884
21545.16553,-3697.632314,-7459.373533,-3489.015006,6.074933347,-2.424622771,-1.108351038
21545.16715,-2827.659925,-7758.993678,-3625.525957,6.323405923,-1.845096283,-0.836983967
21545.16877,-1928.722367,-7975.560506,-3723.170729,6.504763373,-1.245097695,-0.556303363
21545.17039,-1010.490483,-8106.865343,-3780.953595,6.616982743,-0.630982904,-0.269287732
21545.17201,-82.82222818,-8151.625661,-3798.312422,6.658773413,-0.009279356,0.02100689
21545.17362,844.3534937,-8109.495791,-3775.123263,6.629596447,0.613387945,0.311481655
21545.17523,1761.149871,-7981.063505,-3711.698335,6.529673081,1.230370475,0.599029593
21545.17684,2657.829469,-7767.834771,-3608.778491,6.359983735,1.835068551,0.880569489
21545.17845,3524.871958,-7472.222257,-3467.527575,6.122269614,2.420979152,1.153068317
21545.18005,4353.133896,-7097.499349,-3289.51032,5.819005853,2.981807959,1.413593533
21545.18166,5133.905882,-6647.766473,-3076.676362,5.453382943,3.511514143,1.659334012
21545.18326,5859.007891,-6127.901343,-2831.336593,5.029273597,4.004382537,1.887633701
21545.18485,6520.86532,-5543.508857,-2556.139416,4.551197298,4.455084089,2.096019787
21545.18645,7112.597486,-4900.848643,-2254.036508,4.024264306,4.858745767,2.282235189
21545.18804,7628.08247,-4206.762106,-1928.248432,3.454116738,5.21100494,2.444263781
21545.18964,8061.997092,-3468.623075,-1582.241347,2.846886591,5.508046793,2.580347753
21545.19123,8409.896217,-2694.213786,-1219.66873,2.209089978,5.74666826,2.68901708
21545.19282,8668.217899,-1891.705441,-844.3621624,1.547605109,5.924290341,2.76909523
21545.19441,8834.342507,-1069.523454,-460.2681048,0.869553381,6.039006129,2.819721125
21545.196,8906.602973,-236.2834845,-71.41789424,0.182237105,6.089593739,2.840354937
21545.19758,8884.299481,599.297683,318.1140192,-0.506944668,6.075530349,2.830784307
21545.19917,8767.704366,1428.485214,704.2489735,-1.190576019,5.99699743,2.791126443
21545.20076,8558.059083,2242.613808,1082.945064,-1.86130791,5.854878343,2.721826635
21545.20235,8257.554502,3033.190611,1450.245184,-2.51195413,5.650742381,2.623650362
21545.20394,7869.320567,3791.941657,1802.298774,-3.1355398,5.386833049,2.497677584
21545.20553,7397.390201,4510.922014,2135.413156,-3.725400937,5.06603701,2.345287763
21545.20712,6846.657199,5182.594322,2446.090093,-4.275256083,4.691847388,2.168142359
21545.20872,6222.833105,5799.896876,2731.057462,-4.779267195,4.26832525,1.968166516
21545.21031,5532.391438,6356.317489,2987.303555,-5.232102889,3.800051806,1.747526388
21545.21191,4782.518538,6845.952748,3212.104588,-5.628987293,3.292084878,1.508608522
21545.21351,3981.02425,7263.586941,3403.061183,-5.965762371,2.749888385,1.253986563
21545.21511,3136.279567,7604.737493,3558.119346,-6.238920602,2.179280846,0.986396979
21545.21671,2257.129289,7865.708798,3675.595226,-6.445642339,1.586368071,0.70870736
21545.21832,1352.796428,8043.635821,3754.195051,-6.583822942,0.977471785,0.423882882
21545.21992,432.7936854,8136.515204,3793.029246,-6.652088385,0.359064794,0.134955865
21545.22153,-493.1436156,8143.231869,3791.624552,-6.649806437,-0.262277577,-0.154997056
21545.22315,-1415.224848,8063.580787,3749.93337,-6.577092546,-0.879991309,-0.442908183
21545.22476,-2323.652302,7898.269615,3668.334757,-6.434801075,-1.487555429,-0.725733632
21545.22638,-3208.733144,7648.922581,3547.635671,-6.224517425,-2.078564624,-1.000487285
21545.228,-4061.019114,7318.058326,3389.059914,-5.948529546,-2.64681841,-1.264282358
21545.22962,-4871.35301,6909.085731,3194.245907,-5.609816033,-3.186346403,-1.514343232
21545.23124,-5631.027248,6426.250829,2965.221087,-5.211995039,-3.691506946,-1.748051305
21545.23287,-6331.840154,5874.612396,2704.390158,-4.759299091,-4.157016453,-1.962958643
21545.23449,-6966.208822,5259.980151,2414.505624,-4.256521033,-4.578015665,-2.156818695
21545.23612,-7527.247706,4588.858367,2098.640995,-3.708966688,-4.950112718,-2.32760622
21545.23775,-8008.8416,3868.387775,1760.163212,-3.12240822,-5.269422466,-2.473535449
21545.23939,-8405.734735,3106.244607,1402.684998,-2.503004715,-5.532616848,-2.593083233
21545.24102,-8713.575246,2310.576999,1030.034842,-1.857255213,-5.736946361,-2.684998861
21545.24265,-8928.967244,1489.929181,646.2212571,-1.191943461,-5.880267614,-2.74831666
21545.24429,-9049.52508,653.1059985,255.3691724,-0.514035799,-5.961073684,-2.782369653
21545.24592,-9073.889402,-190.8760577,-138.3031161,0.169349622,-5.978500663,-2.786792464
21545.24756,-9001.751813,-1032.934696,-530.5522308,0.851051361,-5.932341724,-2.761527313
21545.24919,-8833.857219,-1863.985875,-917.1397324,1.523906565,-5.823048133,-2.70682427
21545.25083,-8572.000063,-2675.060952,-1293.88687,2.180835874,-5.651728153,-2.623240268
21545.25246,-8218.998173,-3457.421204,-1656.727979,2.814926655,-5.420132953,-2.511632063
21545.25409,-7778.667568,-4202.632479,-2001.745289,3.419484809,-5.130644761,-2.373150398
21545.25573,-7255.784131,-4902.661948,-2325.213962,3.988105655,-4.786257871,-2.209230713
21545.25736,-6656.015909,-5549.987813,-2623.652998,4.514756922,-4.390541535,-2.021575326
21545.25899,-5985.875587,-6137.659917,-2893.853354,4.993823697,-3.947617044,-1.812142437
21545.26062,-5252.620458,-6659.401569,-3132.924968,5.420188921,-3.462100758,-1.583119026
21545.26224,-4464.203384,-7109.649073,-3338.315012,5.789265303,-2.93908105,-1.336909844
21545.26387,-3629.150699,-7483.636193,-3507.846679,6.097066105,-2.384046754,-1.076103548
21545.26549,-2756.490083,-7777.429244,-3639.7352,6.340237775,-1.802848156,-0.803454216
21545.26711,-1855.630389,-7987.976959,-3732.610465,6.516106757,-1.201625151,-0.521847461
21545.26873,-936.2683541,-8113.135753,-3785.528317,6.622707973,-0.586751963,-0.234274369
21545.27035,-8.262080794,-8151.691672,-3797.980073,6.658812231,0.03524195,0.056205676
21545.27196,918.453128,-8103.365484,-3769.89442,6.623940806,0.657724555,0.346489764
21545.27357,1834.012404,-7968.808834,-3701.634751,6.518373723,1.274058549,0.63347703
21545.27518,2728.667406,-7749.596562,-3593.995293,6.343154628,1.877632646,0.914083393
21545.27679,3592.927852,-7448.206101,-3448.190625,6.100085329,2.461959157,1.185287179
21545.27839,4417.687303,-7067.970948,-3265.833175,5.791698212,3.020763374,1.444170783
21545.27999,5194.27298,-6613.051317,-3048.91917,5.42124114,3.548023557,1.687939338
21545.28159,5914.55788,-6088.37508,-2799.800344,4.992636611,4.038054676,1.913959657
21545.28319,6571.017764,-5499.597818,-2521.164872,4.51045439,4.485556125,2.11978243
21545.28478,7156.832175,-4853.021604,-2215.998776,3.979848112,4.885690317,2.303178598
21545.28638,7665.940709,-4155.528591,-1887.554501,3.406501441,5.234131358,2.462161816
21545.28797,8093.088957,-3414.524508,-1539.324164,2.796579925,5.5271066,2.595007619
21545.28956,8433.897512,-2637.831781,-1174.989156,2.156639023,5.761453533,2.70027945
21545.29115,8684.886583,-1833.627174,-798.390776,1.493566487,5.934645386,2.776840298
21545.29274,8843.509102,-1010.360022,-413.4917651,0.814506901,6.044821185,2.823866277
21545.29433,8908.175972,-176.6490623,-24.32789145,0.126766992,6.090808823,2.840856819
21545.29592,8878.264376,658.7747163,365.0188902,-0.562242184,6.072134517,2.827638726
21545.29751,8754.126183,1487.178355,750.4720571,-1.24510749,5.989030346,2.784369028
21545.2991,8537.078928,2299.913277,1128.000866,-1.914496279,5.842427656,2.711531359
21545.30069,8229.395551,3088.483492,1493.652229,-2.56322356,5.633947449,2.609931006
21545.30228,7834.276604,3844.649593,1843.599157,-3.184347704,5.365876863,2.480683272
21545.30387,7355.825307,4560.493197,2174.170773,-3.771232156,5.041145743,2.325202089
21545.30546,6799.006267,5228.504184,2481.892844,-4.317624112,4.663290625,2.14518263
21545.30705,6169.591474,5841.661908,2763.5254,-4.817726044,4.236408946,1.942579394
21545.30865,5474.122833,6393.488643,3016.087517,-5.266242193,3.765123772,1.719589363
21545.31024,4719.835963,6878.133746,3236.896149,-5.658447689,3.254521986,1.478622605
21545.31184,3914.581935,7290.436497,3423.594979,-5.990237631,2.710091348,1.222272473
21545.31344,3066.768417,7625.969647,3574.17441,-6.2581582,2.137671367,0.953292377
21545.31505,2185.274806,7881.093591,3686.996302,-6.459444232,1.543387636,0.674564777
21545.31665,1279.366398,8053.000449,3760.813993,-6.59204669,0.93358698,0.389070624
21545.31826,358.5656667,8139.753433,3794.7898,-6.654654484,0.314745537,0.099846207
21545.31987,-567.4038998,8140.301733,3788.501588,-6.646695935,-0.306572333,-0.190036143
21545.32148,-1488.71868,8054.504261,3741.953155,-6.568346624,-0.923783243,-0.477500504
21545.3231,-2395.609295,7883.131978,3655.574216,-6.420519237,-1.530387612,-0.75951539
21545.32471,-3278.393439,7627.871962,3530.222052,-6.204856396,-2.119989036,-1.03310284
21545.32633,-4127.629179,7291.311142,3367.172802,-5.923706695,-2.68639245,-1.295384159
21545.32795,-4934.214313,6876.909042,3168.107992,-5.580093583,-3.223664443,-1.543607934
21545.32958,-5689.454861,6388.981876,2935.106571,-5.177695297,-3.726171673,-1.775167903
21545.3312,-6385.209596,5832.634849,2670.612217,-4.720783893,-4.188668862,-1.987643666
21545.33283,-7013.937479,5213.73767,2377.421496,-4.21420218,-4.606321451,-2.178811154
21545.33446,-7568.814576,4538.841673,2058.644259,-3.663294751,-4.974774155,-2.346674189
21545.33609,-8043.793158,3815.128703,1717.679275,-3.073867328,-5.29018112,-2.489478316
21545.33772,-8433.690806,3050.30677,1358.164796,-2.452104737,-5.549256456,-2.605733826
21545.33936,-8734.22655,2252.564279,983.9568308,-1.804538558,-5.749290339,-2.69422307
21545.34099,-8942.088541,1430.456909,599.0757609,-1.137961645,-5.888187136,-2.754017651
21545.34262,-9054.969111,592.8291593,207.6693653,-0.459372313,-5.964483204,-2.78448633
21545.34426,-9071.597459,-251.3249042,-186.0524952,0.22412961,-5.977364776,-2.785302608
21545.34589,-8991.746989,-1092.904599,-577.8381011,0.905367973,-5.926670599,-2.756445775
21545.34753,-8816.244746,-1922.840978,-963.4585944,1.577192397,-5.812897944,-2.698202935
21545.34916,-8546.969403,-2732.166889,-1338.740775,2.232525114,-5.637202708,-2.61116869
21545.3508,-8186.820182,-3512.163186,-1699.63517,2.864469878,-5.401382318,-2.496236312
21545.35243,-7739.688592,-4254.426248,-2042.247441,3.466358055,-5.107861943,-2.354590927
21545.35406,-7210.425371,-4950.953067,-2362.877925,4.031810106,-4.759679089,-2.187701819
21545.35569,-6604.778967,-5594.249314,-2658.071679,4.554817248,-4.360450712,-1.997306409
21545.35732,-5929.305418,-6177.430782,-2924.665189,5.029819688,-3.9143223,-1.785385837
21545.35895,-5191.329658,-6694.258378,-3159.802488,5.451732844,-3.425951424,-1.554157021
21545.36058,-4398.852114,-7139.22423,-3360.97468,5.816017231,-2.900455477,-1.30604766
21545.3622,-3560.450025,-7507.616155,-3526.049299,6.118733018,-2.343355649,-1.043669583
21545.36383,-2685.175728,-7795.566442,-3653.292328,6.356583988,-1.760518237,-0.769790939
21545.36545,-1782.461495,-8000.086626,-3741.383717,6.526952052,-1.158099333,-0.48731002
21545.36707,-862.0302568,-8119.095698,-3789.429872,6.627928126,-0.542492181,-0.199230355
21545.36868,66.24381494,-8151.446265,-3796.974765,6.65834301,0.079760604,0.091380597
21545.3703,992.4459239,-8096.925426,-3763.99947,6.61777863,0.702037634,0.381424594
21545.37191,1906.688947,-7956.252668,-3690.92063,6.506577298,1.317682927,0.667793404
21545.37351,2799.258251,-7731.066958,-3578.583248,6.325842664,1.920103621,0.947414526
21545.37512,3660.696606,-7423.904464,-3428.249578,6.077432469,2.502829693,1.217279114
21545.37673,4481.91758,-7038.161367,-3241.58081,5.763938413,3.059594993,1.474479741
21545.37833,5254.280558,-6578.059719,-3020.620473,5.38866715,3.584394279,1.716236965
21545.37993,5969.703305,-6048.584977,-2767.764302,4.955596503,4.071567409,1.939938366
21545.38152,6620.719439,-5455.441544,-2485.738947,4.469344258,4.515847504,2.143160865
21545.38312,7200.570907,-4804.974309,-2177.564516,3.935106858,4.912433856,2.323704329
21545.38471,7703.263321,-4104.102419,-1846.523119,3.358605567,5.25704006,2.479613664
21545.38631,8123.611469,-3360.262688,-1496.13198,2.746038124,5.545935355,2.60919778
21545.3879,8457.303056,-2581.314277,-1130.09833,2.103996105,5.775998006,2.71105386
21545.38949,8700.936558,-1775.449026,-752.2771367,1.439384624,5.944750062,2.784082954
21545.39108,8852.041215,-951.13043,-366.6423435,0.759363731,6.050378449,2.827499351
21545.39267,8909.104626,-116.9938225,22.76004803,0.071256308,6.091759608,2.840841318
21545.39425,8871.583677,718.2281453,411.8469632,-0.617524254,6.068470702,2.823975712
21545.39584,8739.907666,1545.812857,796.5484775,-1.299573995,5.980793417,2.777098883
21545.39743,8515.471671,2357.114483,1172.839025,-1.967564831,5.829708783,2.700733664
21545.39902,8200.623012,3143.655682,1536.780175,-2.614331037,5.61688521,2.595723003
21545.40061,7798.638305,3897.211436,1884.559654,-3.232948199,5.344658069,2.463219699
21545.4022,7313.690676,4609.892529,2212.530106,-3.816810364,5.016000842,2.304672211
21545.40379,6750.810732,5274.222053,2517.244543,-4.359699578,4.634490572,2.121807856
21545.40539,6115.840632,5883.209443,2795.490571,-4.855851262,4.204267581,1.916613363
21545.40698,5415.369422,6430.429851,3044.326924,-5.300021536,3.729981853,1.691309173
21545.40858,4656.700841,6910.06804,3261.103744,-5.68752328,3.216761205,1.448334186
21545.41018,3847.734416,7317.016949,3443.507549,-6.014304073,2.670121016,1.190302842
21545.41178,2996.908969,7646.910406,3589.576049,-6.276968244,2.095916938,0.919982769
21545.41338,2113.141725,7896.165795,3697.717558,-6.472805152,1.500295639,0.640271441
21545.41499,1205.710283,8062.039275,3766.73571,-6.599825495,0.889608396,0.354155434
21545.41659,284.1729601,8142.653649,3795.841768,-6.65677417,0.270352326,0.064682781
21545.4182,-641.7290018,8137.025567,3784.666437,-6.643141472,-0.350898717,-0.225069468
21545.41982,-1562.21458,8045.077688,3733.264225,-6.559161066,-0.967591566,-0.512040798
21545.42143,-2467.469372,7867.651258,3642.119249,-6.405809581,-1.573197422,-0.793189036
21545.42305,-3347.863041,7606.493178,3512.137171,-6.184783767,-2.161354951,-1.065557009
21545.42467,-4193.969901,7264.253884,3344.643993,-5.898489244,-2.725879582,-1.326276877
21545.42629,-4996.719095,6844.453327,3141.368741,-5.550003268,-3.260857861,-1.5726139
21545.42791,-5747.455133,6351.466124,2904.435925,-5.143055515,-3.760680506,-1.801981775
21545.42954,-6438.076953,5790.457819,2636.334435,-4.681970254,-4.220126736,-2.011981519
21545.43117,-7061.112945,5167.335227,2339.893606,-4.171622621,-4.63440517,-2.200420223
21545.4328,-7609.788281,4488.704013,2018.262694,-3.617402883,-4.999189355,-2.365327355
21545.43443,-8078.127196,3761.776549,1674.866849,-3.025142216,-5.310676578,-2.504981565
21545.43606,-8461.006953,2994.311741,1313.378422,-2.401066849,-5.565615021,-2.61792297
21545.43769,-8754.226196,2194.520148,937.6719516,-1.751725842,-5.761341293,-2.702970021
21545.43933,-8954.550631,1370.981929,551.7853363,-1.083931082,-5.895804023,-2.759229976
21545.44096,-9059.754226,532.5494084,159.8738731,-0.404686204,-5.96758589,-2.786108519
21545.4426,-9068.646316,-311.7610802,-233.8405726,0.278892029,-5.975917948,-2.783315698
21545.44423,-8981.087492,-1152.832721,-625.099484,0.959615513,-5.92068812,-2.750869499
21545.44587,-8797.990337,-1981.615694,-1009.685927,1.630350406,-5.802441818,-2.689094899
21545.4475,-8521.311185,-2789.169951,-1383.44456,2.284041874,-5.622378067,-2.598621811
21545.44913,-8154.032223,-3566.781793,-1742.335945,2.91379907,-5.382341243,-2.480380369
21545.45077,-7700.12968,-4306.063438,-2082.482805,3.512967206,-5.084805231,-2.335592801
21545.4524,-7164.522309,-4999.057275,-2400.218239,4.075204672,-4.732846036,-2.165759842
21545.45403,-6553.018823,-5638.315281,-2692.122363,4.594541612,-4.330114848,-1.972647538
21545.45566,-5872.255984,-6216.979185,-2955.05918,5.065440893,-3.880805847,-1.758271562
21545.45729,-5129.608503,-6728.868429,-3186.216792,5.482867478,-3.389605954,-1.524873005
21545.45892,-4333.124178,-7168.53106,-3383.130582,5.842329794,-2.861661383,-1.274902289
21545.46054,-3491.421338,-7531.312936,-3543.714526,6.139938197,-2.302519094,-1.010991176
21545.46216,-2613.592055,-7813.405301,-3666.282465,6.372447986,-1.718071395,-0.735926404
21545.46378,-1709.104151,-8011.882628,-3749.564822,6.537296479,-1.114498746,-0.452622532
21545.4654,-787.6763243,-8124.734548,-3792.722254,6.632637112,-0.49819325,-0.164085797
21545.46702,140.8031391,-8150.877377,-3795.350225,6.657358205,0.124290452,0.126609087
21545.46863,1066.404307,-8090.165167,-3757.48287,6.611102546,0.746317357,0.416357578
21545.47024,1979.262263,-7943.38369,-3679.589085,6.494273594,1.361242232,0.702058197
21545.47185,2869.676605,-7712.236618,-3562.565045,6.308035427,1.962477094,0.980644124
21545.47346,3728.205184,-7399.327035,-3407.724585,6.054308538,2.543556965,1.249113941
21545.47506,4545.808469,-7008.107135,-3216.774201,5.735738884,3.09824206,1.504579104
21545.47666,5313.888953,-6542.852625,-2991.800646,5.355685565,3.620550915,1.744279371
21545.47826,6024.395562,-6008.612127,-2735.246179,4.918186569,4.104839058,1.965619266
21545.47986,6669.930955,-5411.127407,-2449.870155,4.427898472,4.545881189,2.16620588
21545.48146,7243.793361,-4756.786221,-2138.726509,3.890060489,4.938909688,2.343866559
21545.48305,7740.037686,-4052.564799,-1805.136183,3.31044771,5.279666583,2.496672747
21545.48464,8153.561041,-3305.915194,-1452.633581,2.695276475,5.564472365,2.62297116
21545.48623,8480.114175,-2524.740425,-1084.954736,2.051179572,5.790243477,2.72139176
21545.48782,8716.375024,-1717.246509,-705.9673998,1.385077835,5.954551626,2.790874108
21545.48941,8859.949361,-891.9151207,-319.6581538,0.70414923,6.055631522,2.830670685
21545.491,8909.403669,-57.40256245,69.91519061,0.015735681,6.092409147,2.840359115
21545.49259,8864.275322,777.5820111,458.680618,-0.672768282,6.0645126,2.819846031
21545.49418,8725.071051,1604.304181,842.5649026,-1.353949707,5.972272442,2.769366867
21545.49577,8493.263453,2414.129821,1217.552249,-2.020492211,5.816718826,2.689483258
21545.49736,8171.272999,3198.602745,1579.720439,-2.665250874,5.599566398,2.581075142
21545.49895,7762.455557,3949.506101,1925.269453,-3.281312734,5.323200879,2.445333796
21545.50054,7271.052372,4658.984994,2250.578223,-3.862106055,4.990638494,2.283741651
21545.50213,6702.156505,5319.59985,2552.229263,-4.401450672,4.605494988,2.098057205
21545.50372,6061.675172,5924.393295,2827.039545,-4.893617369,4.171950871,1.890298079
21545.50532,5356.263197,6466.977024,3072.100371,-5.333401148,3.694696481,1.662714478
21545.50691,4593.250206,6941.600759,3284.808801,-5.716177243,3.178872669,1.417760798
21545.50851,3780.602392,7343.192376,3462.886016,-6.037931424,2.630035179,1.158078573
21545.51011,2926.800681,7667.440539,3604.41455,-6.295322228,2.054063257,0.886453029
21545.51172,2040.801082,7910.820693,3707.850018,-6.485695471,1.457124926,0.605796614
21545.51332,1131.905926,8070.652552,3772.046511,-6.607122075,0.845583579,0.319104892
21545.51493,209.6833985,8145.12435,3796.26702,-6.658407823,0.225938928,0.029428767
21545.51654,-716.1285943,8133.316412,3780.193348,-6.639101556,-0.39524072,-0.260157299
21545.51815,-1635.71023,8035.218567,3723.933238,-6.549497997,-1.011378619,-0.546583488
21545.51977,-2539.300936,7851.733001,3628.020076,-6.390628136,-1.615983453,-0.826828407
21545.52139,-3417.247198,7584.678411,3493.414263,-6.164252105,-2.20267869,-1.097932787
21545.52301,-4260.160295,7236.768124,3321.491161,-5.872830539,-2.765303706,-1.357046424
21545.52463,-5059.001218,6811.585343,3114.028535,-5.519495637,-3.297964472,-1.60145157
21545.52625,-5805.161234,6313.560964,2873.195213,-5.108025873,-3.79508006,-1.828584416
21545.52788,-6490.592534,5747.910564,2601.520131,-4.642788853,-4.251461473,-2.036071275
21545.5295,-7107.870733,5120.59696,2301.874065,-4.128707614,-4.662344321,-2.221743504
21545.53113,-7650.28246,4438.272813,1977.441772,-3.571212522,-5.02343793,-2.383659909
21545.53276,-8111.922312,3708.186881,1631.677041,-2.976165758,-5.330980717,-2.520131756
21545.5344,-8487.739164,2938.131611,1268.277616,-2.349821798,-5.581762299,-2.629732668
21545.53603,-8773.602967,2136.35819,891.1446916,-1.698763199,-5.773160046,-2.711314969
21545.53766,-8966.364902,1311.45253,504.3242624,-1.029806527,-5.903172401,-2.764024157
21545.5393,-9063.878175,472.2801118,111.9810389,-0.349965692,-5.970427364,-2.787302452
21545.54093,-9065.032676,-372.1232473,-281.6530211,0.333627568,-5.974201866,-2.780896927
21545.54257,-8969.770218,-1212.658946,-672.329171,1.013801031,-5.914430075,-2.744862468
21545.5442,-8779.088826,-2040.253411,-1055.823001,1.683403027,-5.791706208,-2.679562377
21545.54584,-8495.030291,-2845.981099,-1427.991771,2.335392038,-5.607278287,-2.58566438
21545.54747,-8120.654706,-3621.158559,-1784.818097,2.962903399,-5.363034983,-2.464133678
21545.54911,-7660.014643,-4357.424816,-2122.447248,3.559305827,-5.061493807,-2.316226746
21545.55074,-7118.097841,-5046.858861,-2437.241357,4.118289264,-4.705770134,-2.143475785
21545.55237,-6500.782273,-5682.047617,-2725.810697,4.63391421,-4.299555396,-1.947677919
21545.554,-5814.773415,-6256.17153,-2985.052935,5.100677126,-3.847084533,-1.73087916
21545.55563,-5067.494735,-6763.105956,-3212.199175,5.5135908,-3.353073028,-1.495344
21545.55725,-4267.063555,-7197.441794,-3404.823388,5.868201184,-2.822710449,-1.243552117
21545.55888,-3422.11824,-7554.596522,-3560.892143,6.16068004,-2.261555439,-0.978148173
21545.5605,-2541.788224,-7830.819437,-3678.766763,6.387833524,-1.675524526,-0.701936398
21545.56212,-1635.569275,-8023.24744,-3757.227852,6.547153938,-1.070817246,-0.41784492
21545.56374,-713.2059884,-8129.934711,-3795.48773,6.636852015,-0.453844503,-0.128891843
21545.56536,215.4098697,-8149.866097,-3793.195444,6.65587732,0.168834232,0.161844419
21545.56697,1140.3486,-8082.963054,-3750.438196,6.60393362,0.790580729,0.451258012
21545.56858,2051.752126,-7930.078688,-3667.737664,6.481485952,1.404750163,0.73624952
21545.57019,2939.939203,-7692.98246,-3546.04154,6.289759349,2.004762605,1.013759411
21545.57179,3795.507135,-7374.335663,-3386.710789,6.030729635,2.584174376,1.280801339
21545.5734,4609.431441,-6977.657087,-3191.502344,5.707105318,3.13675016,1.534495664
21545.575,5373.166692,-6507.274781,-2962.545279,5.322296744,3.656537892,1.772104117
21545.5766,6078.712636,-5968.286593,-2702.321505,4.880390668,4.13792171,1.991054287
21545.5782,6718.71046,-5366.495302,-2413.634216,4.386101981,4.575696672,2.188973962
21545.57979,7286.525094,-4708.329078,-2099.569667,3.844710974,4.965135003,2.363721329
21545.58138,7776.281786,-4000.796038,-1763.475406,3.262026182,5.302021439,2.513401067
21545.58298,8182.941534,-3251.387665,-1408.91417,2.644302733,5.582715122,2.636392252
21545.58457,8502.332209,-2468.023744,-1039.637687,1.99819249,5.804180579,2.731362227
21545.58616,8731.201408,-1658.94134,-659.5341119,1.330645911,5.964032747,2.797286395
21545.58775,8867.232712,-832.6359245,-272.6002301,0.648855034,6.060555389,2.833456108
21545.58934,8909.070918,2.229500836,117.1013693,-0.039831383,6.092724018,2.839488295
21545.59092,8856.332111,836.9344111,505.4938492,-0.728009514,6.060216573,2.815329131
21545.59251,8709.601323,1662.757541,888.5127075,-1.408278682,5.96341322,2.761253183
21545.5941,8470.429456,2471.068181,1262.148436,-2.073328031,5.803393611,2.677860996
21545.59569,8141.317878,3253.416951,1622.488777,-2.71602217,5.58192357,2.56607173
21545.59728,7725.685377,4001.633032,1965.763746,-3.329490984,5.301427771,2.427109199
21545.59887,7227.852182,4707.870429,2288.367124,-3.907176055,4.964972112,2.262492985
21545.60046,6652.97775,5364.725314,2586.910456,-4.442933462,4.576213437,2.074013569
21545.60206,6007.036799,5965.2755,2858.241257,-4.931070562,4.139374004,1.863719851
21545.60365,5296.736148,6503.182679,3099.489673,-5.366431617,3.659175321,1.633887075
21545.60525,4529.45935,6972.743095,3308.091461,-5.744438752,3.140790645,1.386994022
21545.60685,3713.214167,7368.93923,3481.811472,-6.061131487,2.589799698,1.125701258
21545.60845,2856.531127,7687.511239,3618.775663,-6.313219752,2.012111092,0.852814134
21545.61005,1968.375906,7925.000964,3717.490503,-6.498112488,1.413895309,0.571251018
21545.61166,1058.0807,8078.784819,3776.857418,-6.613935695,0.801531957,0.284018335
21545.61327,135.2329652,8147.112154,3796.189213,-6.659553262,0.181530058,-0.005827014
21545.61488,-790.4186662,8129.126765,3775.218833,-6.634573315,-0.439538132,-0.29520873
21545.61649,-1709.050566,8024.883701,3714.106038,-6.539350442,-1.055096003,-0.581058721
21545.61747,-2256.256939,7920.537211,3657.993522,-6.448264736,-1.421397743,-0.750687198
